id;nombre;fecha_entrada;descripcion
1;Consultor connecting;2023-03-31;../fake-data/blob/hipster.txt
2;Ergonómico;2023-04-01;../fake-data/blob/hipster.txt
3;Queso;2023-03-31;../fake-data/blob/hipster.txt
4;Bebes copying;2023-03-31;../fake-data/blob/hipster.txt
5;generate Salud;2023-03-31;../fake-data/blob/hipster.txt
6;Market Taiwan;2023-03-31;../fake-data/blob/hipster.txt
7;canal hack;2023-03-31;../fake-data/blob/hipster.txt
8;Franc;2023-03-31;../fake-data/blob/hipster.txt
9;Pizza Marroquinería override;2023-03-31;../fake-data/blob/hipster.txt
10;Saudi Cataluña;2023-03-31;../fake-data/blob/hipster.txt
