id;foto;foto_content_type;nombre;tema;descripcion
1;../fake-data/blob/hipster.png;image/png;synergies;Música Account Ergonómico;../fake-data/blob/hipster.txt
2;../fake-data/blob/hipster.png;image/png;Morado Cliente Artesanal;virtual indexing Fantástico;../fake-data/blob/hipster.txt
3;../fake-data/blob/hipster.png;image/png;Personal Comunidad Deportes;plug-and-play connecting Visionario;../fake-data/blob/hipster.txt
4;../fake-data/blob/hipster.png;image/png;Productor seamless Cataluña;infomediaries;../fake-data/blob/hipster.txt
5;../fake-data/blob/hipster.png;image/png;Videojuegos;Loan;../fake-data/blob/hipster.txt
6;../fake-data/blob/hipster.png;image/png;Futuro Música;reboot;../fake-data/blob/hipster.txt
7;../fake-data/blob/hipster.png;image/png;Andorra arquitectura card;función;../fake-data/blob/hipster.txt
8;../fake-data/blob/hipster.png;image/png;Interacciones;Nicaragua Desarrollador Algodón;../fake-data/blob/hipster.txt
9;../fake-data/blob/hipster.png;image/png;Burundi Agente Directo;input;../fake-data/blob/hipster.txt
10;../fake-data/blob/hipster.png;image/png;emulación;Ordenador Senior;../fake-data/blob/hipster.txt
