id;link;documento_url;documento_url_content_type
1;intermedia Castilla;../fake-data/blob/hipster.png;image/png
2;Algodón;../fake-data/blob/hipster.png;image/png
3;Loan Estratega;../fake-data/blob/hipster.png;image/png
4;solid envisioneer;../fake-data/blob/hipster.png;image/png
5;Toallas previsión;../fake-data/blob/hipster.png;image/png
6;copy;../fake-data/blob/hipster.png;image/png
7;optimizada invoice Ladrillo;../fake-data/blob/hipster.png;image/png
8;Guapo;../fake-data/blob/hipster.png;image/png
9;bypass Taka;../fake-data/blob/hipster.png;image/png
10;Pelota online;../fake-data/blob/hipster.png;image/png
