id;nombre;telefono;correo
1;calculate Gris interface;hibrida synthesize;Cambridgeshire
2;Aragón;Subida;metódica
3;Bebes;Jefe;calculating Fantástico Guapa
4;Avon;neutral Inteligente;Sabroso schemas Intranet
5;SDD;Baleares Fantástico;Productor
6;Colombian deposit Funcionalidad;reboot Bedfordshire;Austria Cambridgeshire Franc
7;Decoración;repurpose de Franc;Account SQL paradigma
8;Micronesia architectures partnerships;invoice;array Masía
9;Puerta Account;Factores Estonia;Bedfordshire
10;Poland Metal;Hormigon;Morado Toallas SMTP
